Nombres equipos,Precios
Celular Samsung Galaxy S20 FE 5G 128GB Azul,$135.999
Celular Samsung Galaxy A23 128GB Negro,$61.999
Celular Samsung Galaxy M23 5G 128GB Green,$94.999
Celular Motorola G42 128GB Verde Atlántico,$57.999
Celular Samsung Galaxy S21 FE 5G 128 GB Negro,$159.999
Celular Motorola G82 5G 128GB Negro,$84.999
Celular Zte Blade V30 Vita 128GB Gris,$44.999
Celular Samsung Galaxy S22 Ultra White,$319.999
Celular Motorola G22 128GB Celeste,$51.999
Celular Motorola G42 128GB Rosa Metálico,$57.999
Celular TCL 20B 64GB Gris,$32.999
Celular Xiaomi Redmi 10 Dual SIM 128 GB Carbon gray 4 GB RAM,$78.599
Iphone SE White 64Gb-Lal,$230.399
Redmi 10A Graphite Gray 2G RAM 32G ROM,$45.799
Celular Samsung Galaxy A23 128GB Negro,$61.999
Celular Motorola Moto G52 128GB Negro,$69.999
Celular Motorola G71 5G 128 GB Verde Jade,$67.999
Celular Samsung Galaxy A33 128GB Negro,$84.999
Celular Motorola G22 128GB Negro,$51.999
Celular TCL 20B 64GB Gris,$32.999
Celular Motorola G82 5G 128GB Negro,$84.999
Celular Motorola G22 128GB Celeste,$51.999
Celular Motorola Moto G52 128GB Azul,$69.999
Celular Samsung Galaxy A03 128 GB Black,$49.999
Celular Samsung Galaxy S21 FE 5G 128 GB Negro,$159.999
Celular Motorola Edge 30 128GB Gris,$119.999
Celular Samsung Galaxy S20 FE 5G 128GB Azul,$135.999
Samsung Galaxy S20FE 128 GB Azul,$134.999
Celular Samsung Galaxy A32 128 GB Negro,$75.999
